"Statistic","Value"
"Minimum",1613
"Maximum",5140
"Q1",2223
"Mean",2970.26196473552
"Median",2800
"Q3",3609
"Standard Deviation",847.904119489725
"Variance",718941.395847645
